canonical_study_family_id	arm	primary_inference	analysis_status	response_programmes	study_level_comparisons	evidence_objects	species	stress	organs	lineages	resolutions	phases	public_data_accessions	public_data_urls
CNP0005053	abiotic	True	eligible_for_statistical_analysis	14	112	112	Brassica rapa ssp. chinensis	salt	root	cortex;endodermis_barrier;epidermis;meristem;root_cap;root_hair;unresolved;vascular			CNP0005053;STT0000066	https://db.cngb.org/search/project/CNP0005053/;https://db.cngb.org/stomics/project/STT0000066/
CRA004082	abiotic	True	eligible_for_statistical_analysis	10	48	131	Oryza sativa	salt	leaf;root	cortex;endodermis_barrier;epidermis;fiber_sclerenchyma;mesophyll;parenchyma;vascular			CRA004082	https://ngdc.cncb.ac.cn/gsa/browse/CRA004082
CRA015077	abiotic	True	eligible_for_statistical_analysis	10	47	71	Zea mays	heat	root	cortex;endodermis_barrier;epidermis;meristem;root_cap;vascular			CRA015077	https://ngdc.cncb.ac.cn/gsa/browse/CRA015077
E-MTAB-2115	abiotic	True	eligible_for_statistical_analysis	10	20	40	Arabidopsis thaliana	dehydration;salt	whole_seedling	not_applicable			E-MTAB-2115	https://www.ebi.ac.uk/biostudies/arrayexpress/studies/E-MTAB-2115
GSE102749	abiotic	True	eligible_for_statistical_analysis	10	10	60	Glycine max	drought	primary_root_tip_growth_zone	not_applicable			GSE102749	https://www.ncbi.nlm.nih.gov/geo/query/acc.cgi?acc=GSE102749
GSE117296	abiotic	True	eligible_for_statistical_analysis	10	8	96	Arabidopsis thaliana	high_light	leaf	not_applicable			GSE117296	https://www.ncbi.nlm.nih.gov/geo/query/acc.cgi?acc=GSE117296
GSE119382	abiotic	True	eligible_for_statistical_analysis	10	10	40	Arabidopsis thaliana	drought	mature_root	not_applicable			GSE119382;GSE119383	https://www.ncbi.nlm.nih.gov/geo/query/acc.cgi?acc=GSE119382;https://www.ncbi.nlm.nih.gov/geo/query/acc.cgi?acc=GSE119383
GSE133921	abiotic	True	eligible_for_statistical_analysis	10	10	150	Triticum aestivum	drought	root_apex	not_applicable			GSE133921	https://www.ncbi.nlm.nih.gov/geo/query/acc.cgi?acc=GSE133921
GSE14578	abiotic	True	eligible_for_statistical_analysis	10	72	128	Arabidopsis thaliana	hypoxia	root;shoot	cortex;endodermis_barrier;epidermis;guard;meristem;mesophyll;vascular			GSE14493;GSE14502;GSE14578	https://www.ncbi.nlm.nih.gov/geo/query/acc.cgi?acc=GSE14493;https://www.ncbi.nlm.nih.gov/geo/query/acc.cgi?acc=GSE14502;https://www.ncbi.nlm.nih.gov/geo/query/acc.cgi?acc=GSE14578
GSE180100	abiotic	True	eligible_for_statistical_analysis	10	36	210	Oryza sativa	submergence;submergence_recovery;water_deficit;water_deficit_recovery;waterlogging;waterlogging_recovery	root	not_applicable			GSE180100	https://www.ncbi.nlm.nih.gov/geo/query/acc.cgi?acc=GSE180100
GSE198394	abiotic	True	eligible_for_statistical_analysis	12	60	247	Arabidopsis thaliana	drought	root	cortex;endodermis_barrier;epidermis;root_cap;root_hair			GSE198394;PRJNA814870;ZENODO:17411065	https://www.ncbi.nlm.nih.gov/geo/query/acc.cgi?acc=GSE198394;https://www.ncbi.nlm.nih.gov/bioproject/PRJNA814870;https://zenodo.org/records/17411065
GSE205141	abiotic	True	eligible_for_statistical_analysis	10	8	16	Arabidopsis thaliana	aluminum	root	not_applicable			GSE205141;PRJNA843998	https://www.ncbi.nlm.nih.gov/geo/query/acc.cgi?acc=GSE205141;https://www.ncbi.nlm.nih.gov/bioproject/PRJNA843998
GSE220277	abiotic	True	eligible_for_statistical_analysis	10	10	60	Arabidopsis thaliana	drought_recovery	leaf;whole_rosette_leaf	not_applicable			GSE220276;GSE220277;GSE220278;GSE289042;GSE303744	https://www.ncbi.nlm.nih.gov/geo/query/acc.cgi?acc=GSE220276;https://www.ncbi.nlm.nih.gov/geo/query/acc.cgi?acc=GSE220277;https://www.ncbi.nlm.nih.gov/geo/query/acc.cgi?acc=GSE220278;https://www.ncbi.nlm.nih.gov/geo/query/acc.cgi?acc=GSE289042;https://www.ncbi.nlm.nih.gov/geo/query/acc.cgi?acc=GSE303744
GSE226105	abiotic	True	eligible_for_statistical_analysis	10	48	96	Arabidopsis thaliana	cold;combined_cold_high_light;combined_heat_drought;combined_heat_high_light;drought;heat;high_light;humidity	rosette_leaf	not_applicable			GSE226105	https://www.ncbi.nlm.nih.gov/geo/query/acc.cgi?acc=GSE226105
GSE226218	abiotic	True	eligible_for_statistical_analysis	10	56	234	Gossypium arboreum	salt	root	cortex;endodermis_barrier;epidermis;meristem;root_cap;root_hair;vascular			GSE226218	https://www.ncbi.nlm.nih.gov/geo/query/acc.cgi?acc=GSE226218
GSE235495	abiotic	True	eligible_for_statistical_analysis	10	57	79	Arabidopsis thaliana	osmotic	root	cortex;endodermis_barrier;epidermis;meristem;root_cap;root_hair;unresolved;vascular			GSE235494;GSE235495;GSE235509;GSE235510	https://www.ncbi.nlm.nih.gov/geo/query/acc.cgi?acc=GSE235494;https://www.ncbi.nlm.nih.gov/geo/query/acc.cgi?acc=GSE235495;https://www.ncbi.nlm.nih.gov/geo/query/acc.cgi?acc=GSE235509;https://www.ncbi.nlm.nih.gov/geo/query/acc.cgi?acc=GSE235510
GSE243472	abiotic	True	eligible_for_statistical_analysis	10	8	8	Arabidopsis thaliana	hormone	leaf	guard			GSE243472	https://www.ncbi.nlm.nih.gov/geo/query/acc.cgi?acc=GSE243472
GSE251706	abiotic	True	eligible_for_statistical_analysis	10	21	30	Oryza sativa	soil_compaction	root	cortex;endodermis_barrier;exodermis_barrier;fiber_sclerenchyma;meristem;unresolved;vascular			GSE251706	https://www.ncbi.nlm.nih.gov/geo/query/acc.cgi?acc=GSE251706
GSE255067	abiotic	True	eligible_for_statistical_analysis	10	8	40	Arabidopsis thaliana	arsenic	root	not_applicable			GSE255065;GSE255066;GSE255067;PRJNA1073455;PRJNA1073469	https://www.ncbi.nlm.nih.gov/geo/query/acc.cgi?acc=GSE255065;https://www.ncbi.nlm.nih.gov/geo/query/acc.cgi?acc=GSE255066;https://www.ncbi.nlm.nih.gov/geo/query/acc.cgi?acc=GSE255067;https://www.ncbi.nlm.nih.gov/bioproject/PRJNA1073455;https://www.ncbi.nlm.nih.gov/bioproject/PRJNA1073469
GSE268881	abiotic	True	eligible_for_statistical_analysis	10	120	682	Arabidopsis thaliana;Camelina sativa;Eutrema salsugineum;Schrenkiella parvula;Sisymbrium irio	hormone;salt	root	cortex;endodermis_barrier;epidermis;root_cap;root_hair;vascular			GSE268881	https://www.ncbi.nlm.nih.gov/geo/query/acc.cgi?acc=GSE268881
GSE270245	abiotic	True	eligible_for_statistical_analysis	10	5	21	Solanum lycopersicum	progressive_drought	leaf	not_applicable			GSE270245	https://www.ncbi.nlm.nih.gov/geo/query/acc.cgi?acc=GSE270245
GSE273033	abiotic	True	eligible_for_statistical_analysis	10	40	61	Arabidopsis thaliana	drought	leaf	endodermis_barrier;epidermis;mesophyll;unresolved;vascular			GSE273033;GSE273926	https://www.ncbi.nlm.nih.gov/geo/query/acc.cgi?acc=GSE273033;https://www.ncbi.nlm.nih.gov/geo/query/acc.cgi?acc=GSE273926
GSE276909	abiotic	True	eligible_for_statistical_analysis	10	10	40	Arabidopsis thaliana	heat	whole_seedling	not_applicable			GSE276909	https://www.ncbi.nlm.nih.gov/geo/query/acc.cgi?acc=GSE276909
GSE283835	abiotic	True	eligible_for_statistical_analysis	10	12	38	Populus tremula x Populus alba	drought	stem	cortex;epidermis;unresolved;vascular			GSE283835	https://www.ncbi.nlm.nih.gov/geo/query/acc.cgi?acc=GSE283835
GSE287184	abiotic	True	eligible_for_statistical_analysis	10	8	40	Arabidopsis thaliana	phosphate_limitation	root	not_applicable			GSE287184	https://www.ncbi.nlm.nih.gov/geo/query/acc.cgi?acc=GSE287184
GSE290214	abiotic	True	eligible_for_statistical_analysis	10	38	43	Arabidopsis thaliana	drought	leaf	endodermis_barrier;epidermis;guard;mesophyll;vascular			GSE290214	https://www.ncbi.nlm.nih.gov/geo/query/acc.cgi?acc=GSE290214
GSE295637	abiotic	True	eligible_for_statistical_analysis	10	7	210	Oryza sativa	drought_heat_factorial	mature_third_leaf	not_applicable			GSE295637	https://www.ncbi.nlm.nih.gov/geo/query/acc.cgi?acc=GSE295637
GSE307070	abiotic	True	eligible_for_statistical_analysis	10	6	36	Arabidopsis thaliana	salt	root	not_applicable			GSE307070	https://www.ncbi.nlm.nih.gov/geo/query/acc.cgi?acc=GSE307070
GSE308672	abiotic	True	eligible_for_statistical_analysis	10	36	36	Arabidopsis thaliana	hypoxia	root	cortex;endodermis_barrier;epidermis;root_cap;vascular			GSE308672	https://www.ncbi.nlm.nih.gov/geo/query/acc.cgi?acc=GSE308672
GSE313726	abiotic	True	eligible_for_statistical_analysis	10	74	355	Oryza sativa	drought;salt	leaf	endodermis_barrier;epidermis;fiber_sclerenchyma;meristem;mesophyll;parenchyma;vascular			GSE313726	https://www.ncbi.nlm.nih.gov/geo/query/acc.cgi?acc=GSE313726
GSE325371	abiotic	True	eligible_for_statistical_analysis	10	8	8	Solanum lycopersicum	low_temperature_salt	leaf	epidermis;vascular			GSE325371	https://www.ncbi.nlm.nih.gov/geo/query/acc.cgi?acc=GSE325371
GSE44307	abiotic	True	eligible_for_statistical_analysis	10	16	16	Arabidopsis thaliana	salt	root	cortex;vascular			GSE44307	https://www.ncbi.nlm.nih.gov/geo/query/acc.cgi?acc=GSE44307
GSE46205	abiotic	True	eligible_for_statistical_analysis	10	32	192	Arabidopsis thaliana	salt	root	cortex;endodermis_barrier;epidermis;vascular			GSE46205	https://www.ncbi.nlm.nih.gov/geo/query/acc.cgi?acc=GSE46205
GSE55592	abiotic	True	eligible_for_statistical_analysis	10	8	72	Zea mays	drought	fifth_leaf_growth_zone	not_applicable			GSE55592	https://www.ncbi.nlm.nih.gov/geo/query/acc.cgi?acc=GSE55592
GSE65046	abiotic	True	eligible_for_statistical_analysis	10	3	39	Arabidopsis thaliana	progressive_drought	leaf	not_applicable			GSE65046	https://www.ncbi.nlm.nih.gov/geo/query/acc.cgi?acc=GSE65046
GSE74793	abiotic	True	eligible_for_statistical_analysis	10	12	948	Oryza sativa	dehydration;heat	leaf	not_applicable			GSE74793	https://www.ncbi.nlm.nih.gov/geo/query/acc.cgi?acc=GSE74793
GSE7641	abiotic	True	eligible_for_statistical_analysis	10	32	48	Arabidopsis thaliana	salt	root	cortex;root_cap;unresolved;vascular			GSE7641	https://www.ncbi.nlm.nih.gov/geo/query/acc.cgi?acc=GSE7641
GSE8787	abiotic	True	eligible_for_statistical_analysis	10	8	32	Arabidopsis thaliana	salt	root_tip	not_applicable			GSE8787	https://www.ncbi.nlm.nih.gov/geo/query/acc.cgi?acc=GSE8787
PRJCA043944	abiotic	True	eligible_for_statistical_analysis	10	69	99	Triticum aestivum	salt	root	cortex;endodermis_barrier;epidermis;meristem;root_cap;root_hair;vascular			PRJCA043944	https://ngdc.cncb.ac.cn/bioproject/browse/PRJCA043944
PRJNA1155997	abiotic	True	eligible_for_statistical_analysis	10	6	54	Arabidopsis thaliana	progressive_drought	rosette	not_applicable			PRJNA1155997	https://www.ncbi.nlm.nih.gov/bioproject/PRJNA1155997
PRJNA1183436	abiotic	True	eligible_for_statistical_analysis	10	70	600	Triticum aestivum	salt	root;root_tip;root_tip_bulk	endodermis_barrier;meristem;not_applicable;root_cap;root_hair;unresolved;vascular			CNP0007009;PRJNA1183436	https://db.cngb.org/search/project/CNP0007009/;https://www.ncbi.nlm.nih.gov/bioproject/PRJNA1183436
A3V332_008DD581BEBE1526	biotic	True	eligible_for_statistical_analysis	10	20	30	Arabidopsis thaliana	virus	leaf	not_applicable;phloem	bulk_tissue_or_organ;sorted_or_enriched_population	unspecified	GSE97662;PRJNA382580	https://www.ncbi.nlm.nih.gov/geo/query/acc.cgi?acc=GSE97662;https://www.ncbi.nlm.nih.gov/bioproject/PRJNA382580
A3V332_129C1C388BC561C3	biotic	False	catalogued_for_sensitivity_analysis	10	10	20	Arabidopsis thaliana	immune_activation_proxy	leaf	not_applicable	bulk_tissue_or_organ	early_0_12h	GSE75640	https://www.ncbi.nlm.nih.gov/geo/query/acc.cgi?acc=GSE75640
A3V332_1A309854BD7FA239	biotic	False	catalogued_for_sensitivity_analysis	10	20	30	Nicotiana benthamiana	virus	leaf	not_applicable;phloem	bulk_tissue_or_organ;sorted_or_enriched_population	late_gt48h	GSE97663	https://www.ncbi.nlm.nih.gov/geo/query/acc.cgi?acc=GSE97663
A3V332_5B807DFA4FC97EC8	biotic	True	eligible_for_statistical_analysis	10	20	118	Prunus domestica	virus	leaf	not_applicable;phloem	bulk_tissue_or_organ;sorted_or_enriched_population	late_gt48h	GSE131832;PRJNA545091	https://www.ncbi.nlm.nih.gov/geo/query/acc.cgi?acc=GSE131832;https://www.ncbi.nlm.nih.gov/bioproject/PRJNA545091
A3V332_7729E751AEB9C18D	biotic	True	eligible_for_statistical_analysis	10	10	20	Arabidopsis thaliana	nematode	root	not_applicable	spatial_region	unspecified	PRJNA1106450	https://www.ncbi.nlm.nih.gov/bioproject/PRJNA1106450
A3V332_A1D190349D48EE35	biotic	False	catalogued_for_sensitivity_analysis	10	10	60	Solanum tuberosum	virus	leaf	infection_spatial_zone	spatial_region	late_gt48h	GSE142002	https://www.ncbi.nlm.nih.gov/geo/query/acc.cgi?acc=GSE142002
A3V332_C92ACBA706C8E910	biotic	False	catalogued_for_sensitivity_analysis	10	20	40	Brassica napus	fungus	cotyledon	spatial_region_bulk	spatial_region	intermediate_gt12_48h;late_gt48h	PRJNA477556	https://www.ncbi.nlm.nih.gov/bioproject/PRJNA477556
A3V332_E4CDB76E8BB96AD5	biotic	True	eligible_for_statistical_analysis	10	20	40	Brassica napus	protist_clubroot	hypocotyl;petiole	vascular	laser_capture_cell_layer	late_gt48h	PRJNA1139814	https://www.ncbi.nlm.nih.gov/bioproject/PRJNA1139814
Arabidopsis_Colletotrichum_higginsianum	biotic	True	eligible_for_statistical_analysis	10	30	76	Arabidopsis thaliana	fungus	leaf	epidermis;mesophyll;vascular	single_cell_or_nucleus	intermediate_gt12_48h	ZENODO:8116241	https://zenodo.org/records/8116241
Arabidopsis_Pseudomonas_HR_spatiotemporal	biotic	True	eligible_for_statistical_analysis	10	10	80	Arabidopsis thaliana	bacterium	leaf	not_applicable	spatial_region	early_0_12h	GSE198022	https://www.ncbi.nlm.nih.gov/geo/query/acc.cgi?acc=GSE198022
Arabidopsis_Pseudomonas_early_PTI_ETI_scRNA	biotic	True	eligible_for_statistical_analysis	10	50	725	Arabidopsis thaliana	bacterium	leaf	cell_cycle_state;epidermis;mesophyll;phloem;xylem	single_cell_or_nucleus	early_0_12h	ZENODO:16533111	https://zenodo.org/records/16533111
Arabidopsis_Pseudomonas_time_resolved_multiome_spatial	biotic	True	eligible_for_statistical_analysis	10	30	30	Arabidopsis thaliana	bacterium	leaf	epidermis;mesophyll;vascular	single_cell_or_nucleus	early_0_12h	GSE226826	https://www.ncbi.nlm.nih.gov/geo/query/acc.cgi?acc=GSE226826
Arabidopsis_Sclerotinia_snRNA	biotic	True	eligible_for_statistical_analysis	10	28	28	Arabidopsis thaliana	fungus	leaf	epidermis;mesophyll;mixed	single_cell_or_nucleus	unspecified	ZENODO:17086216	https://zenodo.org/records/17086216
Arabidopsis_TuMV_GFP_infection_focus_zones	biotic	True	eligible_for_statistical_analysis	10	10	40	Arabidopsis thaliana	virus	leaf	not_applicable	spatial_region	unspecified	E-MEXP-509	https://www.ebi.ac.uk/biostudies/arrayexpress/studies/E-MEXP-509
Arabidopsis_powdery_mildew_infection_site_LMD	biotic	True	eligible_for_statistical_analysis	10	20	20	Arabidopsis thaliana	fungus	leaf	not_applicable	bulk_tissue_or_organ;spatial_region	unspecified	GSE15680	https://www.ncbi.nlm.nih.gov/geo/query/acc.cgi?acc=GSE15680
Arabidopsis_root_FACS_flg22_Pep1	biotic	False	catalogued_for_sensitivity_analysis	10	30	60	Arabidopsis thaliana	immune_activation_proxy	root	cortex;epidermis;vascular	sorted_or_enriched_population	unspecified	GSE112960	https://www.ncbi.nlm.nih.gov/geo/query/acc.cgi?acc=GSE112960
Arabidopsis_virus_companion_cell_FACS	biotic	True	eligible_for_statistical_analysis	10	10	20	Arabidopsis thaliana	virus	leaf	phloem	sorted_or_enriched_population	unspecified	GSE42059	https://www.ncbi.nlm.nih.gov/geo/query/acc.cgi?acc=GSE42059
Brassica_napus_Sclerotinia_LMD	biotic	True	eligible_for_statistical_analysis	10	30	30	Brassica napus	fungus	leaf	epidermal;photosynthetic;vascular	laser_capture_cell_layer	intermediate_gt12_48h	GSE169299;PRJNA716204	https://www.ncbi.nlm.nih.gov/geo/query/acc.cgi?acc=GSE169299;https://www.ncbi.nlm.nih.gov/bioproject/PRJNA716204
Soybean_cyst_nematode_multiome	biotic	True	eligible_for_statistical_analysis	10	63	191	Glycine max	nematode	root	epidermis;ground_tissue;root_cap;vascular_stele	single_cell_or_nucleus	late_gt48h	GSE310956;PRJNA1367592	https://www.ncbi.nlm.nih.gov/geo/query/acc.cgi?acc=GSE310956;https://www.ncbi.nlm.nih.gov/bioproject/PRJNA1367592
Wheat_Fusarium_time_resolved	biotic	True	eligible_for_statistical_analysis	10	20	60	Triticum aestivum	fungus	coleoptile	mixed_cell_population	single_cell_or_nucleus	intermediate_gt12_48h;late_gt48h	PRJCA025291;OMIX008122	https://ngdc.cncb.ac.cn/bioproject/browse/PRJCA025291;https://ngdc.cncb.ac.cn/omix/release/OMIX008122
Wheat_Pyrenophora_lesion_zone_transcriptomics	biotic	True	eligible_for_statistical_analysis	10	10	70	Triticum aestivum	fungus	leaf	spatial_context	spatial_region	late_gt48h	PRJNA798111	https://www.ncbi.nlm.nih.gov/bioproject/PRJNA798111
